jurisdiction,event_date,event_name,event_type,scope,non_us_currency_covered,reference_currency_examples,source_url
ADGM (UAE),2024-08-01,ADGM FSRA consults on stablecoins (Crypto Asset) regime incl. fiat-referenced tokens,Consultation,Stablecoin-specific (fiat-referenced tokens),True,General (no currency restriction),https://www.adgm.com/publications/legal-framework/consultation-papers/2024/cp01-2024
ADGM (UAE),2024-12-01,ADGM FSRA publishes stablecoin/Fiat Referenced Token framework (Crypto Token Regime update),Framework Finalised,Stablecoin-specific (Fiat Referenced Tokens),True,General (no currency restriction),https://www.adgm.com/media/0eiolck1/fsra-crypto-token-framework-2024.pdf
Australia,2023-12-01,Treasury consultation: Payments System Modernisation – includes Payment Stablecoins under SVF,Consultation,Stablecoin-specific (payment stablecoins under SVF),True,General (any fiat),https://treasury.gov.au/sites/default/files/2023-12/c2023-469663-cp.pdf
Bahrain,2024-10-01,CBB consults on new stablecoin regulatory framework (SIO Module),Consultation,Stablecoin-specific,True,General (no currency restriction),https://www.cbb.gov.bh/public-consultations/consultation-paper-stablecoin/
Bahrain,2025-07-04,CBB issues final Stablecoin Regulatory Framework (SIO Module),Framework Finalised,Stablecoin-specific,True,General (no currency restriction),https://www.cbb.gov.bh/news/cbb-issues-stablecoin-regulatory-framework/
Bermuda (BMA),2024-05-10,BMA consults on Single Currency Pegged Stablecoins (SCPS) Guidance,Consultation,Stablecoin-specific (single-currency pegged),True,Any single fiat currency,https://cdn.bma.bm/documents/2024-05-10-12-42-08-Notice---Digital-Asset-Business-Single-Currency-Pegged-Stablecoins-SCPS-Consultation-Guidance.pdf
Bermuda (BMA),2024-12-02,BMA issues final Guidance on Single Currency Pegged Stablecoins,Guidance,Stablecoin-specific (single-currency pegged),True,Any single fiat currency,https://cdn.bma.bm/documents/2024-12-02-16-55-46-Digital-Asset-Business--Single-Currency-Pegged-Stablecoins-SCPS-Guidance.pdf
Brazil,2024-05-01,BCB press note on next steps for cryptoasset/VASP regulation (payment use cases included),Consultation/Programme,Virtual assets (not stablecoin-specific),,,https://www.bcb.gov.br/en/pressdetail/2536/nota
Canada (OSFI),2023-07-26,OSFI consults on FRCA (fiat-referenced cryptoassets) capital/liquidity treatment,Consultation,FRCA incl. stablecoins,True,General (any fiat),https://www.osfi-bsif.gc.ca/en/osfi-approach/consultations/osfi-seeks-input-draft-guidelines-treatment-crypto-asset-exposures
Canada (OSFI),2025-02-20,OSFI publishes final guidelines on crypto-asset exposures (incl. FRCA),Guidance,FRCA incl. stablecoins,True,General (any fiat),https://www.osfi-bsif.gc.ca/en/osfi-approach/consultations/osfi-finalizes-guidelines-prudential-treatment-crypto-asset-exposures
China (Mainland),2021-09-24,Joint notice: further preventive measures on virtual currency trading and speculation (ban),Ban/Restriction,Virtual assets (not stablecoin-specific),,,https://www.pbc.gov.cn/tiaofasi/144941/3581332/4348658/index.html
"Dubai (VARA, UAE)",2023-02-01,VARA issues Virtual Assets and Related Activities Regulations 2023 (incl. FRVA Issuance Rules),Framework Finalised,Virtual assets incl. fiat-referenced virtual assets (stablecoins),True,General (no currency restriction),https://rulebooks.vara.ae/rulebook/virtual-assets-and-related-activities-regulations-2023
"Dubai (VARA, UAE)",2025-05-19,VARA updates Virtual Asset Issuance Rulebook (Annex on Fiat-Referenced Virtual Assets),Guidance/Rulebook Update,Fiat-Referenced Virtual Assets (stablecoins),True,General (no currency restriction),https://rulebooks.vara.ae/sites/default/files/en_net_file_store/VARA_EN_293_VER20250519.pdf
EU (EBA/MiCA),2024-06-30,MiCA Titles III & IV apply (EMT/ART),Effective,Stablecoin-specific (EMT/ART),True,EUR and non-EU currencies (per EBA ITS for non-EU currencies),https://www.eba.europa.eu/regulation-and-policy/anti-money-laundering-and-countering-financing-terrorism/micar-application-arts-and-emts
EU (EBA/MiCA),2024-11-07,EBA consults on ITS for reporting ARTs/EMTs denominated in non-EU currency,Consultation,Stablecoin-specific (reporting),True,Non-EU currencies,https://www.eba.europa.eu/eba-consults-draft-its-reporting-arts-and-emts-denominated-non-eu-currency
Japan,2023-06-01,Payment Services Act amendments on stablecoins enforced; travel rule applies to stablecoins,Effective,Stablecoin-specific (electronic payment instruments),True,JPY and foreign currency-pegged stablecoins via intermediaries,https://www.fsa.go.jp/en/news/2025/20250410_2/01.pdf
Singapore,2023-08-15,MAS finalises stablecoin regulatory framework,Framework Finalised,Stablecoin-specific (single-currency stablecoins),True,SGD and G10 currencies,https://www.sgpc.gov.sg/api/file/getfile/Media%20Release_MAS%20Finalises%20Stablecoin%20Regulatory%20Framework.pdf?path=%2Fsgpcmedia%2Fmedia_releases%2Fmas%2Fpress_release%2FP-20230815-2%2Fattachment%2FMedia+Release_MAS+Finalises+Stablecoin+Regulatory+Framework.pdf
South Korea,2023-07-18,Virtual Asset User Protection Act passed,Law Enacted,Virtual assets (not stablecoin-specific),,,https://www.fsc.go.kr/eng/pr030101/81126
South Korea,2024-07-19,Virtual Asset User Protection Act effective,Effective,Virtual assets (not stablecoin-specific),,,https://www.fsc.go.kr/eng/pr030101/80761
Switzerland,2019-09-11,FINMA publishes stablecoin guidelines (supplement to ICO guidelines),Guidance,Stablecoin-specific,True,General (no currency restriction),https://www.finma.ch/en/news/2019/09/20190911-mm-stable-coins/
Switzerland,2024-07-26,FINMA Guidance 06/2024 on stablecoins and bank guarantees,Guidance,Stablecoin-specific,True,General (no currency restriction),https://www.finma.ch/en/news/2024/07/20240726-m-am-06-24-stablecoins/
Thailand,2021-03-19,BOT policy on baht-backed stablecoins; classification and requirement to consult BOT,Policy/Guidance,Stablecoin-specific (THB-backed),True,THB,https://www.bot.or.th/en/news-and-media/news/news-20210319-2.html
Turkey,2021-04-16,Central Bank regulation prohibits use of cryptoassets in payments,Ban/Restriction,Virtual assets (not stablecoin-specific),,,https://www.resmigazete.gov.tr/eskiler/2021/04/20210416-4.htm
Turkey,2025-03-13,SPK issues Communiqué on Crypto Asset Service Providers (licensing framework),Framework Finalised,Virtual assets service providers,,,https://www.resmigazete.gov.tr/eskiler/2025/03/20250313-5.htm
United Kingdom,2023-11-06,BoE & FCA publish DP on regulating stablecoins,Consultation/Discussion,Stablecoin-specific (payments/systemic),True,Fiat-backed stablecoins incl. non-GBP,https://www.bankofengland.co.uk/paper/2023/dp/regulatory-regime-for-systemic-payment-systems-using-stablecoins-and-related-service-providers
United Kingdom,2025-04-28,HMT publishes draft SI to bring fiat-backed stablecoins into payments regulation (Phase 1),Law Enacted (draft SI published),Stablecoin-specific (fiat-backed),True,Not limited to GBP,https://www.gov.uk/government/publications/phase-1-of-cryptoasset-regulation-stablecoins
United States (NYDFS),2022-06-08,"NYDFS Guidance on issuance of USD-backed stablecoins (redeemability, reserves, attestation)",Guidance,USD-only stablecoins under NYDFS supervision,False,USD only,https://www.dfs.ny.gov/industry_guidance/industry_letters/il20220608_issuance_stablecoins
United States (OCC),2025-03-07,OCC Interpretive Letter 1183 reaffirms permissibility of certain stablecoin activities by national banks,Guidance,Stablecoin-related bank activities,,,https://www.occ.treas.gov/topics/charters-and-licensing/interpretations-and-actions/2025/int1183.pdf
United States (PWG),2021-11-01,PWG/FDIC/OCC Report on Stablecoins,Report/Recommendation,Stablecoin systemic risks and recommendations,,,https://home.treasury.gov/news/press-releases/jy0454
